Project Name	Website	Twitter	Github	AI comments	Summary
nodereal	nodereal.io	https://x.com/Nodereal_io			"I've analyzed Nodereal.io and @Nodereal_io based on your criteria.  Confirmed the Twitter account via their website.

**1. UX/UI Design (7/10):**  The website is clean and professional, with a good user flow.  Documentation is well-organized.  Some minor UI improvements could be made for enhanced mobile responsiveness.

**2. Technology Innovation (8/10):**  Nodereal offers a valuable service for blockchain developers with their API suite and infrastructure.  While not groundbreaking in core tech, the focus on streamlining blockchain development workflows is noteworthy.

**3. Feedback from Users (6/10):** Twitter sentiment is generally positive, showcasing successful integrations and partnerships.  Limited direct user feedback expressing specific product experiences.  Primarily focused on announcements and updates.  Pinned post highlights partnership with Sei Network.

**4. Github Repo (N/A):**  Nodereal doesn't have a public-facing, primary Github repo that directly relates to their core product offerings, making it impossible to analyze via traditional GitHub metrics.

**5. Token (N/A):** No token information is readily available or promoted on their site or Twitter, suggesting they're not token-driven.

**6. Team (7/10):** While team information is present, specific backgrounds and expertise are not extensively detailed.  Mentions of experience with leading tech companies lend some credibility.  Further transparency would strengthen this area.

**Overall Score: 6.83/10**

**Summary (Twitter Reply Format):**

@Nodereal_io analysis: Solid project with strong tech and UX (6.83/10).  Dev-focused blockchain infra shows promise.  Greater team transparency & user feedback insights would boost confidence.  No public GitHub or token observed. #blockchain #web3 #development
"
myshell	myshell.ai	https://x.com/myshell_ai			"I've analyzed MyShell.ai based on your criteria, with a strict evaluation approach. Double-checked the X account (@myshell_ai).

**1. UX/UI Design (7/10):** The website is clean and modern. The user interface is relatively intuitive and easy to navigate. The core functionality (creating AI agents) is clearly presented. Could benefit from more interactive elements and richer visualizations of agent activity.

**2. Technology Innovation (6/10):**  The concept of autonomous AI agents working towards goals is promising.  However, the technical details are sparsely documented on the website and X.  More transparency about the underlying architecture and algorithms would strengthen this score.

**3. Feedback from Users (5/10):**  While the X account shows some user engagement and positive comments, the overall volume is relatively low. Deeper dives into replies and community mentions didn't reveal significant critical feedback, but the limited sample size makes it hard to draw definitive conclusions. Pinned post describes progress towards a public launch, showing they are still in development stages.

**4. GitHub Repo (N/A):**  No publicly accessible GitHub repository could be located associated with MyShell.ai.  Lack of code transparency significantly lowers the score.

**5. Token (N/A):** No mention of a token was found on the website or X account, nor could I locate any listings on CMC or CoinGecko.

**6. Team (4/10):**  Limited team information is publicly available. While some team members are listed on the website with brief backgrounds, it's difficult to assess their expertise in AI agent development.  More comprehensive profiles with prior experience and credentials would boost confidence.

**Overall Score: 4.5/10**

**Summary (Twitter Reply Format):**

@myshell_ai  MyShell shows promise with its autonomous AI agent concept, and the UX is well-designed. However, transparency is a key area for improvement.  Sharing more technical details, opening a public GitHub repo, and providing more comprehensive team information would build greater trust and community engagement.  Looking forward to the public launch! #AI #agents #autonomous
"
					
					
					
					
					
					
					
